"Country","Landscape..","Household.ID","Round","Good_Soil","Bad_Soil","erosion_control"
"GHA","L01","13sx7zZ45L7","1",0,0.333333333333333,FALSE
"GHA","L01","5xb8kqgFVh9","1",0,0,FALSE
"GHA","L01","87qeDKg8sj5","1",1,0,FALSE
"GHA","L01","aEPhhDYMsKA","1",1,0,FALSE
"GHA","L01","bnNcJ3bknL7","1",1,0,FALSE
"GHA","L01","dQNLmp8vbx7","1",0,0,FALSE
"GHA","L01","dVULAjf4W89","1",0,0.5,FALSE
"GHA","L01","e4zTqWoHTi","1",0.5,0.5,FALSE
"GHA","L01","EAdeyuGhu85","1",0,0.5,TRUE
"GHA","L01","EmjTzkKPcK4","1",0.6,0,FALSE
"GHA","L01","FcfWcnPR1A6","1",0,0,FALSE
"GHA","L01","GEgBv7HAf68","1",0,0,FALSE
"GHA","L01","hy4613HYBr3","1",1,0,FALSE
"GHA","L01","jR5EnTkAqM3","1",1,0,FALSE
"GHA","L01","k8zEL6BmKHB","1",0,0,FALSE
"GHA","L01","KoKjL6iByr6","1",1,0,FALSE
"GHA","L01","KSchTBWs2p7","1",0,0,FALSE
"GHA","L01","n3hCRp3nTfB","1",0.5,0.5,FALSE
"GHA","L01","njfYPSwX6c8","1",0,0,FALSE
"GHA","L01","PXb5NT8y8n6","1",0,0,TRUE
"GHA","L01","qG2u89ePnM3","1",0,0,FALSE
"GHA","L01","qqEgat4rGk9","1",1,0,FALSE
"GHA","L01","qy7poFPTo22","1",0,0,FALSE
"GHA","L01","rvasPDxnwj3","1",1,0,FALSE
"GHA","L01","UDYnaavH8U3","1",0,0,FALSE
"GHA","L01","V42v2Qoi8j3","1",1,0,FALSE
"GHA","L01","vz6UQ8NGgEA","1",0,0,FALSE
"GHA","L01","Xg5bY5Ztxx2","1",1,0,FALSE
"GHA","L01","ZgVCya2zX73","1",0.75,0,FALSE
"GHA","L01","ZsXLTqgEPA2","1",0,1,FALSE
"GHA","L02","aC1Yp9Vbbb9","1",1,0,FALSE
"GHA","L02","ArjKWQXjiQ2","1",0,0,FALSE
"GHA","L02","arUegScQDF9","1",0,0,TRUE
"GHA","L02","BNLAgvK3aCA","1",1,0,FALSE
"GHA","L02","cSN6zpcALp9","1",0,0,FALSE
"GHA","L02","d4TMBLeBJr2","1",0,0,FALSE
"GHA","L02","fkisAfkhBS2","1",1,0,FALSE
"GHA","L02","gEi4dQZTGjA","1",1,0,FALSE
"GHA","L02","GLaBCfmRHT9","1",1,0,FALSE
"GHA","L02","go6Ch5Km3k7","1",0,0,FALSE
"GHA","L02","h9yzMoqrEr7","1",0,0,FALSE
"GHA","L02","HK4BRArXjD6","1",0.333333333333333,0,FALSE
"GHA","L02","LcDR4MVNrw","1",0,0,FALSE
"GHA","L02","MdadqCNEiL","1",0,0,FALSE
"GHA","L02","MFMymqGXjf8","1",0.333333333333333,0,FALSE
"GHA","L02","Ny58V5eghz7","1",1,0,TRUE
"GHA","L02","NZwEq9cA5VB","1",0,0,FALSE
"GHA","L02","oJSmP1FYvbB","1",0,0,FALSE
"GHA","L02","pEa2FhYEyQ2","1",0,0,TRUE
"GHA","L02","RkxgfouGkY6","1",1,0,FALSE
"GHA","L02","SAvMdkgq8K4","1",1,0,FALSE
"GHA","L02","sSK4YGpVFE3","1",1,0,FALSE
"GHA","L02","tcEkwscfpH4","1",0.333333333333333,0,FALSE
"GHA","L02","tKy51hwqVM2","1",0,0,FALSE
"GHA","L02","UUj4sWMqYC3","1",0,0,FALSE
"GHA","L02","vyxUdnM5dv5","1",0.5,0,FALSE
"GHA","L02","Wth4nHzDVc8","1",0,0,FALSE
"GHA","L02","XiQuiDjntD2","1",0,0,FALSE
"GHA","L02","XqoC5saQNR5","1",1,0,FALSE
"GHA","L03","1YyZC8Zyxy7","1",0.5,0.5,FALSE
"GHA","L03","2w6GUTeKDd","1",0,0,FALSE
"GHA","L03","3oYDbENAuo","1",1,0,FALSE
"GHA","L03","56esinYPtWB","1",1,0,TRUE
"GHA","L03","5G241XCT6VA","1",0.8,0,TRUE
"GHA","L03","5JcGGbr2Y88","1",1,0,FALSE
"GHA","L03","bvFDUPT6cv8","1",1,0,FALSE
"GHA","L03","C7yu9JZpZ96","1",1,0,FALSE
"GHA","L03","dWWPvz9La34","1",1,0,FALSE
"GHA","L03","eaQik5x8C35","1",1,0,FALSE
"GHA","L03","GDXUCUdQZB6","1",1,0,FALSE
"GHA","L03","GPMVX5tyrx4","1",1,0,FALSE
"GHA","L03","HYK4pqongQ7","1",1,0,FALSE
"GHA","L03","ignYVcEWdh6","1",1,0,FALSE
"GHA","L03","K5Z7A224KK7","1",1,0,TRUE
"GHA","L03","kLYaJ3DYGC7","1",0,0,FALSE
"GHA","L03","Kte7LVWAkq7","1",0.25,0,FALSE
"GHA","L03","nLAqDVxLW42","1",1,0,FALSE
"GHA","L03","oGAiiS5KTH6","1",1,0,FALSE
"GHA","L03","phfDZ3p9QE5","1",1,0,FALSE
"GHA","L03","qaB9PRByhQ7","1",1,0,FALSE
"GHA","L03","TfTiB3qRvU2","1",1,0,FALSE
"GHA","L03","UmXMMFYwnL4","1",1,0,FALSE
"GHA","L03","UNJbgF8rDE4","1",1,0,FALSE
"GHA","L03","w5r45534D96","1",1,0,FALSE
"GHA","L03","wtorB9F7hm5","1",0.5,0,FALSE
"GHA","L03","ymaHgFS7sD7","1",1,0,FALSE
"GHA","L03","YqAFB2BMNLB","1",1,0,FALSE
"GHA","L04","5rf37agRoT5","1",1,0,TRUE
"GHA","L04","9M4qT2DMJj","1",1,0,FALSE
"GHA","L04","AKMWbrcHqo7","1",1,0,FALSE
"GHA","L04","AZbZLMWXXU5","1",1,0,TRUE
"GHA","L04","CxMdVRz4Fo","1",0,0,FALSE
"GHA","L04","dSafpBy1bV9","1",0,0,FALSE
"GHA","L04","ev9j4bGtBTB","1",1,0,FALSE
"GHA","L04","eze6AQDVxQ4","1",1,0,FALSE
"GHA","L04","gRQgL3UsPb6","1",1,0,FALSE
"GHA","L04","HJ9K9FonFCA","1",1,0,TRUE
"GHA","L04","KaNq8vjzJV5","1",1,0,TRUE
"GHA","L04","LMzw8JsSze","1",0,0.666666666666667,TRUE
"GHA","L04","NqtNJxp3qaB","1",0,0,FALSE
"GHA","L04","P6yZhzEGVc6","1",1,0,FALSE
"GHA","L04","pKpxx6da5u6","1",1,0,FALSE
"GHA","L04","qAcLcu8zBx5","1",0,1,TRUE
"GHA","L04","qie8QYVB3s6","1",0,0,FALSE
"GHA","L04","rfcJhQz5u38","1",0.833333333333333,0,FALSE
"GHA","L04","rzTsdWdr6y3","1",1,0,FALSE
"GHA","L04","tsyzA3E2k36","1",1,0,FALSE
"GHA","L04","v5AnXEEYcG3","1",1,0,FALSE
"GHA","L04","vVmon4etMR7","1",1,0,FALSE
"GHA","L04","wbguRJt7c17","1",1,0,FALSE
"GHA","L04","WgmUQnWemm7","1",1,0,FALSE
"GHA","L04","WWKohq5CDc4","1",1,0,FALSE
"GHA","L04","X4aAZpreBL7","1",1,0,FALSE
"GHA","L04","yDfj9pye3S8","1",1,0,FALSE
"GHA","L04","zbPhVbZ2hNA","1",1,0,FALSE
"GHA","L04","zebc4qh1zU8","1",1,0,TRUE
"GHA","L04","znLkiipm6hB","1",0.666666666666667,0,FALSE
"GHA","L05","4DD1mGbS2b6","1",1,0,FALSE
"GHA","L05","6o1LRkbmmy9","1",1,0,FALSE
"GHA","L05","6rFDY18oMR9","1",1,0,FALSE
"GHA","L05","FEggU1cWz95","1",1,0,FALSE
"GHA","L05","FYM9NczMwv9","1",1,0,FALSE
"GHA","L05","fyW9nSiREpA","1",1,0,FALSE
"GHA","L05","gggGZ6AgZ6A","1",1,0,FALSE
"GHA","L05","HqDbz9qjXL","1",1,0,FALSE
"GHA","L05","JsGWt7k9dz2","1",1,0,FALSE
"GHA","L05","jVAvmnH4bS6","1",1,0,FALSE
"GHA","L05","LFwa12jnrL2","1",1,0,FALSE
"GHA","L05","Ly7CbRbwGm9","1",1,0,FALSE
"GHA","L05","mKsBRiEXdL6","1",1,0,FALSE
"GHA","L05","nMZQwMPqKU4","1",1,0,FALSE
"GHA","L05","o1aKSCrDRMB","1",1,0,FALSE
"GHA","L05","o1P6K2wcxu7","1",1,0,FALSE
"GHA","L05","pdf1PrAkhV","1",1,0,FALSE
"GHA","L05","PpJDFyaTPe6","1",1,0,FALSE
"GHA","L05","QFh29fHsCvA","1",1,0,FALSE
"GHA","L05","QYtwXPgNBa3","1",1,0,FALSE
"GHA","L05","SGWDY8X7yo4","1",1,0,FALSE
"GHA","L05","U18xstU8LR7","1",1,0,FALSE
"GHA","L05","U7thyS2zJj8","1",1,0,FALSE
"GHA","L05","uF4YRcniT69","1",1,0,TRUE
"GHA","L05","wGsPM221dM8","1",0.666666666666667,0,FALSE
"GHA","L05","wTASpGRGc38","1",1,0,FALSE
"GHA","L05","WX9WPcwEjJ9","1",1,0,FALSE
"GHA","L05","XEA6aofdZo5","1",1,0,FALSE
"GHA","L05","zAweUkHmCz8","1",1,0,FALSE
"GHA","L05","zwCpRhKnPo9","1",1,0,FALSE
"GHA","L06","2Q7MnSV2oJ5","1",NA,NA,FALSE
"GHA","L06","3262VdP66d2","1",1,0,FALSE
"GHA","L06","4TD5PFFKHJ7","1",1,0,FALSE
"GHA","L06","4xFbY5oyU82","1",1,0,FALSE
"GHA","L06","7KKdwdFxzG7","1",0.6,0,FALSE
"GHA","L06","BwcbgH6pxh9","1",0,0,FALSE
"GHA","L06","c4ZGhkt4uq2","1",1,0,FALSE
"GHA","L06","CTRQQXCQTVB","1",0.666666666666667,0,FALSE
"GHA","L06","E3EGXT3BJS5","1",1,0,FALSE
"GHA","L06","eYyzj3xgGn8","1",0,1,FALSE
"GHA","L06","GAwYHaSgWn8","1",1,0,FALSE
"GHA","L06","h7GgmuPVUH3","1",0,0,FALSE
"GHA","L06","hrKn2nuXSs9","1",1,0,FALSE
"GHA","L06","iR5ETCSgpV5","1",1,0,FALSE
"GHA","L06","jCvYgt72fP4","1",1,0,FALSE
"GHA","L06","joFqVCsb215","1",1,0,FALSE
"GHA","L06","jqEwCxargT5","1",1,0,FALSE
"GHA","L06","Jsv9PkxATh9","1",0.5,0,TRUE
"GHA","L06","K7cFANftUD3","1",0,0,FALSE
"GHA","L06","LeYiNjAjKi2","1",1,0,FALSE
"GHA","L06","nYHDrtr9BkA","1",1,0,FALSE
"GHA","L06","QNH5zfmLt2B","1",1,0,FALSE
"GHA","L06","R24vZdb6HQ7","1",1,0,FALSE
"GHA","L06","reM7upJxET6","1",1,0,TRUE
"GHA","L06","SstK2kLetr6","1",1,0,FALSE
"GHA","L06","Ta22RrxG4KB","1",0,0,TRUE
"GHA","L06","thieXHRj9r7","1",1,0,FALSE
"GHA","L06","TVHKxGJD4T5","1",0,1,FALSE
"GHA","L06","uA6dFVY3tr2","1",1,0,FALSE
"GHA","L06","uVDhbqsgm8B","1",1,0,TRUE
"GHA","L06","vqK89X1n7z7","1",1,0,FALSE
"GHA","L06","W8ZrkDDq8B","1",1,0,TRUE
"GHA","L06","xJHuYg9HkC4","1",1,0,FALSE
"GHA","L06","ydHcUTHKzD7","1",1,0,FALSE
"GHA","L06","Yt9L1fZvpf5","1",0,0,FALSE
"GHA","L06","yyBkps8kGBB","1",1,0,FALSE
"RWA","L01","2AzeKX3Xdj9","1",0,0.666666666666667,TRUE
"RWA","L01","2AzeKX3Xdj9","2",1,0,TRUE
"RWA","L01","4uYtGb6q1h5","1",0.5,0.5,TRUE
"RWA","L01","4uYtGb6q1h5","2",1,0,TRUE
"RWA","L01","8DoKMFq9rv7","1",1,0,TRUE
"RWA","L01","8DoKMFq9rv7","2",1,0,TRUE
"RWA","L01","9upFZJLCfM2","1",0,0.666666666666667,TRUE
"RWA","L01","9upFZJLCfM2","2",0,0,TRUE
"RWA","L01","aDnodjimek6","1",0,0,TRUE
"RWA","L01","aDnodjimek6","2",0,1,TRUE
"RWA","L01","Ag8CWapFXT9","1",1,0,TRUE
"RWA","L01","Ag8CWapFXT9","2",1,0,TRUE
"RWA","L01","bW7iZTf8uW7","1",1,0,TRUE
"RWA","L01","bW7iZTf8uW7","2",1,0,TRUE
"RWA","L01","CxdDadFVXS7","1",0,0.666666666666667,TRUE
"RWA","L01","CxdDadFVXS7","2",1,0,TRUE
"RWA","L01","cZWWUyRwuTA","1",0,0,TRUE
"RWA","L01","cZWWUyRwuTA","2",0,0,TRUE
"RWA","L01","e2RyT8u9Vs5","1",0,1,TRUE
"RWA","L01","e2RyT8u9Vs5","2",1,0,TRUE
"RWA","L01","eVbuv11Jya9","1",0,0.5,TRUE
"RWA","L01","eVbuv11Jya9","2",0.333333333333333,0,TRUE
"RWA","L01","fSLig1NkSU7","1",0,0,TRUE
"RWA","L01","fSLig1NkSU7","2",1,0,TRUE
"RWA","L01","GBGa6M3rbd3","1",0,0.333333333333333,TRUE
"RWA","L01","GBGa6M3rbd3","2",1,0,TRUE
"RWA","L01","gvW2UAieds2","1",0.5,0,TRUE
"RWA","L01","gvW2UAieds2","2",0,0,TRUE
"RWA","L01","KeSq3y3A1h4","1",1,0,TRUE
"RWA","L01","KeSq3y3A1h4","2",1,0,TRUE
"RWA","L01","m6KCw7ZxQ47","1",0,0,TRUE
"RWA","L01","m6KCw7ZxQ47","2",1,0,TRUE
"RWA","L01","mDLfcyhvBu","1",1,0,TRUE
"RWA","L01","mDLfcyhvBu","2",1,0,TRUE
"RWA","L01","MsBreaQuEcA","1",0,1,TRUE
"RWA","L01","MsBreaQuEcA","2",0,0,TRUE
"RWA","L01","nMVazETomT7","1",0,0,TRUE
"RWA","L01","nMVazETomT7","2",0,0,TRUE
"RWA","L01","Nq4M7PWJPS","1",0,0,TRUE
"RWA","L01","Nq4M7PWJPS","2",1,0,TRUE
"RWA","L01","QUACw1VqWL2","1",0.5,0.25,TRUE
"RWA","L01","QUACw1VqWL2","2",0.5,0.5,TRUE
"RWA","L01","RCuAWjMUBmA","1",0.333333333333333,0.666666666666667,TRUE
"RWA","L01","RCuAWjMUBmA","2",1,0,TRUE
"RWA","L01","smz4XRTY7G6","1",0,0,TRUE
"RWA","L01","smz4XRTY7G6","2",0,0,TRUE
"RWA","L01","TEgeq116YW6","1",0,0,TRUE
"RWA","L01","TEgeq116YW6","2",0,0,TRUE
"RWA","L01","TWGYiMEN9K3","1",0,0.666666666666667,TRUE
"RWA","L01","TWGYiMEN9K3","2",1,0,TRUE
"RWA","L01","VM1oxfq9wgB","1",0,0,TRUE
"RWA","L01","VM1oxfq9wgB","2",1,0,TRUE
"RWA","L01","wPk7iGeM1n2","1",0,0,TRUE
"RWA","L01","wPk7iGeM1n2","2",1,0,TRUE
"RWA","L01","wy7axJB9t4A","1",0,0,TRUE
"RWA","L01","wy7axJB9t4A","2",1,0,TRUE
"RWA","L01","XXFzjtd2A8","1",0,1,TRUE
"RWA","L01","XXFzjtd2A8","2",0,1,TRUE
"RWA","L01","yjXM15j8fo9","1",0,0,TRUE
"RWA","L01","yjXM15j8fo9","2",1,0,TRUE
"RWA","L02","4aupp5Gqjv6","1",1,0,TRUE
"RWA","L02","6zdLptApzZ2","1",1,0,TRUE
"RWA","L02","7HuaMEgyTz4","1",1,0,TRUE
"RWA","L02","am7bPMj2uA","1",0.5,0,TRUE
"RWA","L02","AoyYjSvsgJA","1",0,0,FALSE
"RWA","L02","Az5BDLdFCQB","1",0,0,TRUE
"RWA","L02","d77n4FzyP99","1",0.5,0.5,FALSE
"RWA","L02","DEfS8gcomk3","1",0,0,FALSE
"RWA","L02","fHLhUbHi259","1",0,0.5,FALSE
"RWA","L02","FtidgPbhow5","1",0,1,TRUE
"RWA","L02","iGeYWScB9G8","1",0.333333333333333,0,TRUE
"RWA","L02","LZ29vrnear2","1",1,0,FALSE
"RWA","L02","mhGSC5qMs53","1",1,0,FALSE
"RWA","L02","Mq9anduKdR9","1",0,0,FALSE
"RWA","L02","MxhdeDaZTa9","1",0,0,FALSE
"RWA","L02","nkB43h7a3u6","1",0,0,FALSE
"RWA","L02","sqHntKPZfk6","1",0,0,TRUE
"RWA","L02","t8pSXYMtCP","1",0,0,FALSE
"RWA","L02","tdcaU4K6FA3","1",1,0,FALSE
"RWA","L02","TSZ8yp6UEy4","1",1,0,FALSE
"RWA","L02","U4AbXpgwpoA","1",0,0,FALSE
"RWA","L02","Urb5aXE3gA2","1",0,0,FALSE
"RWA","L02","VDYfVRu3Q44","1",0,0,FALSE
"RWA","L02","voQqwNL5SR4","1",0,0.25,FALSE
"RWA","L02","WuExMq5R6A9","1",1,0,TRUE
"RWA","L02","xAHNqyKKrL4","1",0.666666666666667,0,TRUE
"RWA","L02","XrphaE61Jh6","1",1,0,TRUE
"RWA","L02","y5bMEWTbk12","1",0,0,TRUE
"RWA","L02","z7c7QHaTTe7","1",0.6,0,TRUE
"RWA","L02","zxz5fHgxQr4","1",1,0,TRUE
"RWA","L03","1aHi48GS6A5","1",1,0,TRUE
"RWA","L03","1m6QKguDbp4","1",0.333333333333333,0,TRUE
"RWA","L03","29hZgxCQpf4","1",0,0.25,TRUE
"RWA","L03","2tfKupRSSR9","1",0,0,FALSE
"RWA","L03","5s4t5icCN2","1",1,0,FALSE
"RWA","L03","B8yvkFk2DJ5","1",1,0,FALSE
"RWA","L03","bsDhjVrvZ8B","1",0,0,TRUE
"RWA","L03","DRwp2xk3gPB","1",0.333333333333333,0,FALSE
"RWA","L03","DybB4C7m1V6","1",1,0,TRUE
"RWA","L03","eSXVTUZDKD3","1",0.5,0,TRUE
"RWA","L03","EXzXQD4FSm3","1",0,0.5,FALSE
"RWA","L03","fL32p1TYNb8","1",0.5,0.5,TRUE
"RWA","L03","J2FX8wXV8S9","1",1,0,FALSE
"RWA","L03","kwtgXoW7Ei8","1",1,0,FALSE
"RWA","L03","oSahYBywkW2","1",1,0,FALSE
"RWA","L03","rP7DxqhNrW3","1",1,0,FALSE
"RWA","L03","rQmTKtJ2h92","1",0,0,TRUE
"RWA","L03","rYhbEL7oXj9","1",0.5,0,FALSE
"RWA","L03","s754vJkGDg2","1",1,0,FALSE
"RWA","L03","SS7UVs5jxa4","1",1,0,TRUE
"RWA","L03","tmtcp1ke5eB","1",1,0,FALSE
"RWA","L03","Tt5k1X1aefA","1",0.333333333333333,0.333333333333333,TRUE
"RWA","L03","TY6c2BvPeq8","1",1,0,FALSE
"RWA","L03","UVBzkFMeZz9","1",1,0,FALSE
"RWA","L03","V6SdSqrYbJ7","1",1,0,FALSE
"RWA","L03","Vh74sMy7UM8","1",0.5,0,TRUE
"RWA","L03","vvZZdLufJK3","1",0,0,FALSE
"RWA","L03","x7bE3Pdy8h5","1",1,0,TRUE
"RWA","L03","ydvLLQUM1wA","1",1,0,TRUE
"RWA","L03","YfvDPbb5H85","1",0,0,FALSE
"RWA","L04","5AjH6QaGU24","1",1,0,TRUE
"RWA","L04","6vh1fcZWV2A","1",1,0,TRUE
"RWA","L04","6VtbLtrb1D3","1",1,0,TRUE
"RWA","L04","AVbrhtAbDP5","1",0.333333333333333,0,TRUE
"RWA","L04","bdXeZG9z586","1",0.5,0.25,TRUE
"RWA","L04","cuVuG6WmhC5","1",0.5,0,TRUE
"RWA","L04","EJpjhf8ixG7","1",0.5,0,TRUE
"RWA","L04","fzVneyP9Mg7","1",1,0,TRUE
"RWA","L04","GJymWVjaQVB","1",0,0,TRUE
"RWA","L04","gtdvY5R76A5","1",0,0,TRUE
"RWA","L04","hXCHXcG2W46","1",0,0,TRUE
"RWA","L04","io6UuTdM1Q3","1",1,0,TRUE
"RWA","L04","iRtxUHTRGi2","1",1,0,TRUE
"RWA","L04","iV8EbG17vX2","1",0,1,TRUE
"RWA","L04","jDuNCdZs246","1",1,0,TRUE
"RWA","L04","jHTSofjuPJ7","1",0,0,TRUE
"RWA","L04","JM2DWViH8L8","1",0,0,TRUE
"RWA","L04","jT3NCQFGuW8","1",0,0,TRUE
"RWA","L04","M8qxpz4tTs2","1",1,0,TRUE
"RWA","L04","nUikVE2njA5","1",0,0,TRUE
"RWA","L04","rkEPTagLmF8","1",0.5,0,TRUE
"RWA","L04","seXpFZmj3a","1",1,0,TRUE
"RWA","L04","tzDJcn6PLMB","1",0.5,0.5,TRUE
"RWA","L04","wr5wPxGTis","1",0,0.5,TRUE
"RWA","L04","Xcq8cPDrtJA","1",0,1,TRUE
"RWA","L04","xcxoHDFasQA","1",0,0,TRUE
"RWA","L04","xRKbT2uWYL4","1",0,0,TRUE
"RWA","L04","yCPYya5PZfA","1",1,0,TRUE
"RWA","L04","YDokUMGBos2","1",0,0,TRUE
"RWA","L04","YR25C1AKLBA","1",0,0,TRUE
"RWA","L06","3hzQ4hJNWpA","1",NA,NA,FALSE
"RWA","L06","3hzQ4hJNWpA","2",1,0,TRUE
"RWA","L06","5DkfDPaXxW6","1",0,0,TRUE
"RWA","L06","5DkfDPaXxW6","2",1,0,TRUE
"RWA","L06","ACtMM9ksKX9","1",0,0,TRUE
"RWA","L06","ACtMM9ksKX9","2",0,0,TRUE
"RWA","L06","AvkkCXoYrg8","1",0,0,TRUE
"RWA","L06","AvkkCXoYrg8","2",0,0,TRUE
"RWA","L06","BrVjLcZwqr3","1",1,0,TRUE
"RWA","L06","BrVjLcZwqr3","2",1,0,TRUE
"RWA","L06","c2cooWnTEh2","1",1,0,TRUE
"RWA","L06","c2cooWnTEh2","2",1,0,TRUE
"RWA","L06","CGeuGzTDPV5","1",1,0,TRUE
"RWA","L06","CGeuGzTDPV5","2",1,0,TRUE
"RWA","L06","dVN9QRTY6b4","1",0,1,TRUE
"RWA","L06","dVN9QRTY6b4","2",1,0,TRUE
"RWA","L06","e3YsHqYkYK6","1",1,0,FALSE
"RWA","L06","e3YsHqYkYK6","2",1,0,TRUE
"RWA","L06","fiLpRcMBzoA","1",1,0,TRUE
"RWA","L06","fiLpRcMBzoA","2",1,0,TRUE
"RWA","L06","H4YdiXt5cz3","1",0,0.2,TRUE
"RWA","L06","H4YdiXt5cz3","2",0,0,TRUE
"RWA","L06","HbRbhAKMLv3","1",1,0,FALSE
"RWA","L06","HbRbhAKMLv3","2",0,0,TRUE
"RWA","L06","jQRmJu3n453","1",0.333333333333333,0.333333333333333,TRUE
"RWA","L06","jQRmJu3n453","2",1,0,TRUE
"RWA","L06","JYjBoTCdte4","1",0.333333333333333,0,TRUE
"RWA","L06","JYjBoTCdte4","2",1,0,TRUE
"RWA","L06","kKLu4qgLM62","1",0,0,TRUE
"RWA","L06","kKLu4qgLM62","2",0,0,TRUE
"RWA","L06","kxErk1sYmQB","1",0.2,0,TRUE
"RWA","L06","kxErk1sYmQB","2",0,0,TRUE
"RWA","L06","Lka6n6s87G","1",0.333333333333333,0,TRUE
"RWA","L06","Lka6n6s87G","2",1,0,TRUE
"RWA","L06","nny1kAHD1A6","1",0,0,FALSE
"RWA","L06","nny1kAHD1A6","2",0,1,FALSE
"RWA","L06","NpBRQomLNX3","1",0,0.75,TRUE
"RWA","L06","NpBRQomLNX3","2",0,0,TRUE
"RWA","L06","NpVRwZSF9A9","1",0.5,0.25,TRUE
"RWA","L06","NpVRwZSF9A9","2",0,0,TRUE
"RWA","L06","PGN47oqwcT6","1",0.333333333333333,0,FALSE
"RWA","L06","PGN47oqwcT6","2",1,0,TRUE
"RWA","L06","pYrS9Lnoio5","1",1,0,TRUE
"RWA","L06","pYrS9Lnoio5","2",1,0,TRUE
"RWA","L06","QLDaeeq1A6A","1",0,0,TRUE
"RWA","L06","QLDaeeq1A6A","2",1,0,TRUE
"RWA","L06","R5nJaf2Sop9","1",0,1,TRUE
"RWA","L06","R5nJaf2Sop9","2",0,1,FALSE
"RWA","L06","R9DTr4peJNA","1",1,0,TRUE
"RWA","L06","to8Gc5JzaT7","1",1,0,TRUE
"RWA","L06","to8Gc5JzaT7","2",1,0,TRUE
"RWA","L06","vdieyWj8obA","1",1,0,TRUE
"RWA","L06","vdieyWj8obA","2",1,0,TRUE
"RWA","L06","XZQvXo5qT34","1",0,1,FALSE
"RWA","L06","XZQvXo5qT34","2",1,0,TRUE
"RWA","L06","yaHQ7ni6ar4","1",0,0,TRUE
"RWA","L06","YVG8nKF7bC4","1",0.6,0,TRUE
"RWA","L06","YVG8nKF7bC4","2",1,0,TRUE
"RWA","L07","1tDK7dEA7q4","1",0,0,TRUE
"RWA","L07","3aT11RTk4H8","1",1,0,TRUE
"RWA","L07","5FTsNB6cw66","1",0,0,TRUE
"RWA","L07","8LgQmjxaed7","1",0,0,TRUE
"RWA","L07","8QSNRiJbU45","1",0,0,FALSE
"RWA","L07","8rMnuSjsKfA","1",0.5,0.5,FALSE
"RWA","L07","9s7aPD8ZRh7","1",1,0,TRUE
"RWA","L07","9yvw1XWDNpA","1",0.333333333333333,0,FALSE
"RWA","L07","ah2mXHfB7w4","1",1,0,FALSE
"RWA","L07","C3b2zHKsNU3","1",1,0,FALSE
"RWA","L07","C56aeDFWPa7","1",1,0,TRUE
"RWA","L07","CnrK9APvaT4","1",0,0,TRUE
"RWA","L07","cQsxahQ8sm8","1",0,1,TRUE
"RWA","L07","EhXFcHgzLr8","1",1,0,TRUE
"RWA","L07","j3meptUjcsA","1",0,0,TRUE
"RWA","L07","Kg7uwpdD4P5","1",0,0,FALSE
"RWA","L07","mE3oDzqBqu4","1",0.666666666666667,0,TRUE
"RWA","L07","MScBRdzkSi4","1",1,0,FALSE
"RWA","L07","nkZFomM6JN2","1",0,0,FALSE
"RWA","L07","NqznyHy6N16","1",0.5,0,TRUE
"RWA","L07","ob6Go1epkY4","1",0,1,TRUE
"RWA","L07","sohyYFGAMr9","1",0.333333333333333,0,FALSE
"RWA","L07","tU6yMt3dHA3","1",0,0.5,FALSE
"RWA","L07","tuxCwfbZQN9","1",1,0,TRUE
"RWA","L07","TYoYR9fk5v3","1",0,0.25,FALSE
"RWA","L07","vC1xGx4WFW","1",1,0,TRUE
"RWA","L07","Wj18gYU55E5","1",1,0,TRUE
"RWA","L07","WVpeXYVGNq8","1",1,0,TRUE
"RWA","L07","yyXhtLq72C2","1",1,0,TRUE
"RWA","L07","zywmeprmCJ6","1",1,0,TRUE
"TZA","L03","41YTq8opiW8","1",0,0,FALSE
"TZA","L03","5R7zjWiS4o","1",0,0,FALSE
"TZA","L03","8RDtceCXmi7","1",0,0,FALSE
"TZA","L03","9WWgnSHHAA6","1",0.5,0,FALSE
"TZA","L03","dFX9VzkXhCA","1",0,0,FALSE
"TZA","L03","e7KZhetzbx","1",0,0,FALSE
"TZA","L03","Goj6tydZtp2","1",0,0,FALSE
"TZA","L03","hfEUg9n1AW4","1",0,0,FALSE
"TZA","L03","hwqvpwm7Wz7","1",1,0,FALSE
"TZA","L03","j18hwWBcwh5","1",0,0,FALSE
"TZA","L03","JdnGCqPhcWB","1",0.333333333333333,0,FALSE
"TZA","L03","kjuUHkF5wTB","1",1,0,FALSE
"TZA","L03","KkYJfxvuWf6","1",0,0,FALSE
"TZA","L03","KyapRja3Pi6","1",0,0,FALSE
"TZA","L03","KYf3aU1imH5","1",0,0,FALSE
"TZA","L03","McAcYh2ZV69","1",0.5,0,FALSE
"TZA","L03","MLdLHWK2Qr","1",0,0,FALSE
"TZA","L03","N5cedWi9F35","1",0,0,FALSE
"TZA","L03","NNkYVQpfzGB","1",0,0,FALSE
"TZA","L03","Nt5ok1nPNM7","1",0,0,FALSE
"TZA","L03","onVKoJG2AfA","1",0,0,FALSE
"TZA","L03","rai72yodTZ7","1",1,0,FALSE
"TZA","L03","utcTs5LcPQ7","1",0,0,FALSE
"TZA","L03","vCAfAwy9KTA","1",0,0,FALSE
"TZA","L03","x3YWH9QUug","1",1,0,FALSE
"TZA","L03","XaYWTVN67N4","1",0,0,FALSE
"TZA","L03","yLS96zjnvX6","1",0,0,FALSE
"TZA","L03","ZaEAz3d3Dr6","1",1,0,FALSE
"TZA","L03","ZAZu9eYNzaA","1",0,0,FALSE
"TZA","L03","znifEwvA5C4","1",0,0,FALSE
"TZA","L10","2GJh9RvP6U3","1",0,0,TRUE
"TZA","L10","6gioKTgu1a9","1",0,0,FALSE
"TZA","L10","7NvFkzHDPpA","1",0,0,TRUE
"TZA","L10","9ES5SSTauT6","1",0,0,FALSE
"TZA","L10","bbQXrXaEo96","1",0,0,TRUE
"TZA","L10","Br9y98ZGdk8","1",0,1,FALSE
"TZA","L10","dtBzhqj3kQA","1",0,0,FALSE
"TZA","L10","g2ZqebmF5z8","1",0,0,TRUE
"TZA","L10","Gc14tmsJ7A3","1",1,0,TRUE
"TZA","L10","gULVGjZq1b6","1",0,0,TRUE
"TZA","L10","j5dyUZUjo25","1",0,0,FALSE
"TZA","L10","KqZvf5fBTQ7","1",1,0,TRUE
"TZA","L10","kRcrpHwnrk4","1",0,0,FALSE
"TZA","L10","LmNxHx7ukq2","1",0,1,FALSE
"TZA","L10","LwsCZHjGPqA","1",0,0,TRUE
"TZA","L10","mWbvKsGPM14","1",0,0,FALSE
"TZA","L10","N1YUZvnVaG5","1",0,0,FALSE
"TZA","L10","nZ3uwA7syq7","1",0,0,FALSE
"TZA","L10","p5n6hjGyeL","1",0,0,FALSE
"TZA","L10","PZ5Q2bVsEX8","1",0,0,FALSE
"TZA","L10","qBummgzDBd8","1",0,0,TRUE
"TZA","L10","qP3BigSRj28","1",0,0,FALSE
"TZA","L10","Rmvq4s33Ev8","1",0,1,TRUE
"TZA","L10","SGWnjCX1hJ3","1",0,0,FALSE
"TZA","L10","SUdaBvN6yMB","1",0,0,FALSE
"TZA","L10","VpdWTmuL8k8","1",0,0,FALSE
"TZA","L10","wXNS3oTZiX8","1",0,0,FALSE
"TZA","L10","yPna76R7KH6","1",0,0,FALSE
"TZA","L10","ZAXs3MY83J","1",0,0,TRUE
"TZA","L10","ZRuCufE5rt9","1",0,0,FALSE
"TZA","L11","17tw28pAwD3","1",0,0,FALSE
"TZA","L11","2JxppdNdy1B","1",0,0,FALSE
"TZA","L11","2tw7sF6jPB4","1",0.666666666666667,0,FALSE
"TZA","L11","3bdaYKw2CU5","1",0,0,FALSE
"TZA","L11","51brKTHzvAB","1",0.5,0,FALSE
"TZA","L11","8bfdq81qVM8","1",0,0,FALSE
"TZA","L11","BXfxdbawNd8","1",0,0,FALSE
"TZA","L11","ckvwCyqWX59","1",0,0,FALSE
"TZA","L11","CnNmmWuhuE4","1",1,0,FALSE
"TZA","L11","eBi2TWWBfPA","1",1,0,FALSE
"TZA","L11","ERzfUDJvVr5","1",0,0,FALSE
"TZA","L11","fMF9APviXm9","1",0,0,FALSE
"TZA","L11","gUGmee9jeJA","1",1,0,FALSE
"TZA","L11","i6gRP4KTv4B","1",0,0,FALSE
"TZA","L11","JADsmRVzNUA","1",0,0,FALSE
"TZA","L11","kqzsJGqsJH5","1",0,0,FALSE
"TZA","L11","ktUuHHCU1Q5","1",1,0,FALSE
"TZA","L11","nEEs7UdXKf6","1",0,0,FALSE
"TZA","L11","piP7A67YkU7","1",0.5,0,FALSE
"TZA","L11","QuoaS1YaSX9","1",1,0,FALSE
"TZA","L11","RnWd36XhwD2","1",1,0,FALSE
"TZA","L11","SqBCN18ii19","1",0,1,FALSE
"TZA","L11","sqDAomp7sVA","1",1,0,FALSE
"TZA","L11","UGrmX3B1xb7","1",0,0,FALSE
"TZA","L11","VTttxxMVpA7","1",1,0,FALSE
"TZA","L11","WvS53Ci87D3","1",0,0,FALSE
"TZA","L11","xcn3a9uEQZB","1",1,0,FALSE
"TZA","L11","Xwug52WXRu6","1",0,0,FALSE
"TZA","L11","ywS4MJJe4cB","1",0.25,0.5,FALSE
"TZA","L11","ZC9BxGQiLT8","1",1,0,FALSE
"TZA","L18","1U2KYPp4RE4","1",NA,NA,FALSE
"TZA","L18","2zFRVcySNg6","1",1,0,FALSE
"TZA","L18","5xjULrvkzz3","1",0,0,FALSE
"TZA","L18","6NYkNXf4fW6","1",1,0,TRUE
"TZA","L18","6s9v6agXWi3","1",0,0,FALSE
"TZA","L18","7GEs4txMBL9","1",0,0,FALSE
"TZA","L18","9921bP6EeY4","1",0,0,TRUE
"TZA","L18","AcecNqxEnz4","1",NA,NA,FALSE
"TZA","L18","ayZb55CgmK4","1",NA,NA,FALSE
"TZA","L18","dyd2EZBuR66","1",0,0,TRUE
"TZA","L18","fKYGZhSCHi5","1",0,0,TRUE
"TZA","L18","GZButysJgS4","1",1,0,FALSE
"TZA","L18","HGnHsWKAkp3","1",0,0,FALSE
"TZA","L18","HWkzcSXQNG2","1",0,0,FALSE
"TZA","L18","JsmhauRP8E9","1",0,0,FALSE
"TZA","L18","KWsyirYykp","1",0,0,FALSE
"TZA","L18","MmsqX496Yo9","1",1,0,TRUE
"TZA","L18","oDSCEcXBzq3","1",NA,NA,FALSE
"TZA","L18","onwJq3WmHg2","1",1,0,FALSE
"TZA","L18","sApJeip8V38","1",1,0,FALSE
"TZA","L18","TbNKmfWhji9","1",0,0,FALSE
"TZA","L18","tWqyJcJmuN5","1",0,0,FALSE
"TZA","L18","UDim1j4z9K9","1",0,0,TRUE
"TZA","L18","udWPUwFP172","1",NA,NA,FALSE
"TZA","L18","v2cqtKhhmEB","1",NA,NA,FALSE
"TZA","L18","VhjsvzpdVX8","1",0,0,TRUE
"TZA","L18","vvfZmP19Kx","1",0,0,FALSE
"TZA","L18","xkrLWnDGpw7","1",1,0,TRUE
"TZA","L18","yhsx6xFzAD","1",0,0,FALSE
"TZA","L18","ZSL3mumZ4X8","1",0,0,FALSE
"TZA","L19","4FP6ukTTsQ8","1",0,0,FALSE
"TZA","L19","4LtjetWmyU6","1",0,0,FALSE
"TZA","L19","6auvr3dPvX4","1",1,0,FALSE
"TZA","L19","a77UhCZgDh2","1",0.5,0,FALSE
"TZA","L19","aFuKnt435e8","1",1,0,FALSE
"TZA","L19","aNYTfhJUuk9","1",1,0,FALSE
"TZA","L19","B7g3YrTCTUB","1",0,0,TRUE
"TZA","L19","BcLx8GwEyf5","1",0,0,FALSE
"TZA","L19","fUSEvjoZCe","1",0,0,FALSE
"TZA","L19","gpPmZSQZXY5","1",1,0,FALSE
"TZA","L19","GV2SBh2drm7","1",1,0,FALSE
"TZA","L19","jiVQaMk2ZR","1",1,0,FALSE
"TZA","L19","kDWcVHqaaf2","1",0.5,0,FALSE
"TZA","L19","KeAxwek3yC4","1",0,0,FALSE
"TZA","L19","m2R4hghXWD6","1",0,0,FALSE
"TZA","L19","Mf1iaj3mXF6","1",1,0,FALSE
"TZA","L19","MqCGGaKzuz2","1",0.333333333333333,0,FALSE
"TZA","L19","mUFTDYR9Aj","1",1,0,FALSE
"TZA","L19","NnrfSQy1dmA","1",1,0,FALSE
"TZA","L19","pcKda2i8vd5","1",1,0,FALSE
"TZA","L19","PnQa2dKYkK6","1",NA,NA,FALSE
"TZA","L19","QnVf7PaErv","1",1,0,FALSE
"TZA","L19","sAJq9uruKa3","1",0,0,FALSE
"TZA","L19","teFJypg3MU7","1",0,0,FALSE
"TZA","L19","W5cRAyZKiP3","1",1,0,FALSE
"TZA","L19","XDQ9iJinQy9","1",1,0,FALSE
"TZA","L19","yzbJgVuQFv2","1",0,0,TRUE
"TZA","L19","ZBSFxdohGu7","1",0,0,FALSE
"TZA","L19","zddQBRJke87","1",0.666666666666667,0,FALSE
"TZA","L19","ziHZfbph8gA","1",1,0,FALSE
"TZA","L20","1AHvfwxYcT6","1",0,0.333333333333333,TRUE
"TZA","L20","65WUiskq7g6","1",0.5,0,FALSE
"TZA","L20","ciQdXdUfHV6","1",0,1,FALSE
"TZA","L20","EhEwHyqcgE7","1",0,0,FALSE
"TZA","L20","EnufChhcvN6","1",0,0,FALSE
"TZA","L20","G8pqkT9RvZB","1",0,0,FALSE
"TZA","L20","HPHgA99tPJA","1",0,0,FALSE
"TZA","L20","iRjEJTUQTW4","1",0.666666666666667,0,FALSE
"TZA","L20","JbsDyyJEsp2","1",1,0,FALSE
"TZA","L20","mdqRMX9AQF6","1",0,1,TRUE
"TZA","L20","mZbBzdZE8P5","1",0.666666666666667,0,TRUE
"TZA","L20","pAiSMicbJb9","1",0,0,FALSE
"TZA","L20","PrddN7Eh7v3","1",1,0,FALSE
"TZA","L20","PuLRmEWBe78","1",0,0,TRUE
"TZA","L20","pxqThuNPrG","1",1,0,TRUE
"TZA","L20","QokjJw6sDKB","1",0,0,FALSE
"TZA","L20","Qrakmh9TAb7","1",0,0,FALSE
"TZA","L20","QVFH5ibEfX","1",1,0,FALSE
"TZA","L20","RbeUER44T9B","1",0,0,FALSE
"TZA","L20","tQBVYhTSUx5","1",1,0,TRUE
"TZA","L20","TzXCuVJ5tP5","1",1,0,FALSE
"TZA","L20","uDCakBEm7VB","1",1,0,TRUE
"TZA","L20","uz81YWocVs7","1",0.5,0,TRUE
"TZA","L20","Vuke4bM37hA","1",0,0,TRUE
"TZA","L20","VxhDa2qgmM7","1",0,0,FALSE
"TZA","L20","wtdrsEsEBX2","1",1,0,FALSE
"TZA","L20","yE1Xsrhzmk8","1",1,0,TRUE
"TZA","L20","ZbDwCBkG2A5","1",0.333333333333333,0,TRUE
"TZA","L20","ZeurtKQcW93","1",0,0,FALSE
"TZA","L20","zRYovaahru9","1",1,0,FALSE
"TZA","L22","2tg6ar7zuS5","1",1,0,FALSE
"TZA","L22","4NfJeixyr6A","1",0,0,FALSE
"TZA","L22","5oGmpb8QJLA","1",1,0,FALSE
"TZA","L22","6vK31iR7nAA","1",1,0,FALSE
"TZA","L22","73M3dsnzvJ7","1",1,0,FALSE
"TZA","L22","84Tt3igkks","1",0.5,0,FALSE
"TZA","L22","8pbKc5jDHS6","1",0,0,FALSE
"TZA","L22","9uri5wypzL4","1",1,0,FALSE
"TZA","L22","A4HX8ZvF3a8","1",0,0,FALSE
"TZA","L22","An4VyekaKi6","1",0.5,0,FALSE
"TZA","L22","BP6YrbuDcL","1",0,0,FALSE
"TZA","L22","BVUEfqZQ6KA","1",1,0,FALSE
"TZA","L22","fss8vTYFEz2","1",1,0,FALSE
"TZA","L22","fxSB64jdaSA","1",0,0,FALSE
"TZA","L22","i2ZRSY65p48","1",1,0,FALSE
"TZA","L22","MG8Mg2FAfw4","1",0,0,FALSE
"TZA","L22","mzUJUxpe7c4","1",0,0,FALSE
"TZA","L22","nD93MDvRgs2","1",0.5,0,FALSE
"TZA","L22","Q6XjbVrPyy9","1",0,0,FALSE
"TZA","L22","Qapm2uWHFt5","1",1,0,FALSE
"TZA","L22","qKTwmCQoWz5","1",0,0,FALSE
"TZA","L22","RfzDYcp8cy2","1",0.5,0,FALSE
"TZA","L22","RTnL3zMj6T","1",1,0,FALSE
"TZA","L22","T5DZd2AUTX7","1",1,0,FALSE
"TZA","L22","w7mhEiauzv4","1",1,0,FALSE
"TZA","L22","WEJAJe36mh4","1",0,0,FALSE
"TZA","L22","WjvUqZyb157","1",1,0,FALSE
"TZA","L22","X9YiaEDanB7","1",0,0,FALSE
"TZA","L22","yku5wXeXnu9","1",1,0,FALSE
"TZA","L22","Zzj5HfKc4d3","1",0,0,FALSE
"UGA","L01","3WbmqA7gbk2","1",1,0,FALSE
"UGA","L01","4YxLyEvHcr2","1",1,0,FALSE
"UGA","L01","8r9jJ38EDF2","1",1,0,TRUE
"UGA","L01","aANwrQbMsa3","1",1,0,FALSE
"UGA","L01","CR6uc2DJjF2","1",0.8,0,FALSE
"UGA","L01","D3dra7efrt6","1",1,0,FALSE
"UGA","L01","DUyLNfXcu24","1",1,0,FALSE
"UGA","L01","EQUQxBxxA28","1",1,0,FALSE
"UGA","L01","F6gmnrrGL93","1",1,0,FALSE
"UGA","L01","fqBewDc4e89","1",0,1,FALSE
"UGA","L01","gVnZfUnJ4V","1",1,0,TRUE
"UGA","L01","hyWdWQ552X7","1",0.666666666666667,0.333333333333333,FALSE
"UGA","L01","kyXkjdQuZSA","1",0.333333333333333,0.666666666666667,FALSE
"UGA","L01","Lsy3YMkKGP2","1",0,0.666666666666667,FALSE
"UGA","L01","mSfzhnwYib5","1",1,0,FALSE
"UGA","L01","ome4ka94t7","1",0.666666666666667,0.333333333333333,FALSE
"UGA","L01","rR4rphkhyt6","1",1,0,FALSE
"UGA","L01","SqGfB47Y5q3","1",1,0,FALSE
"UGA","L01","Te4C6DJXQq6","1",1,0,FALSE
"UGA","L01","tNWzZ2EiTjA","1",1,0,TRUE
"UGA","L01","TTKHU3eLS44","1",1,0,FALSE
"UGA","L01","U7Y9xmtZk89","1",0.666666666666667,0.333333333333333,FALSE
"UGA","L01","vbnCBWJgn15","1",0,1,FALSE
"UGA","L01","vCMe7iY3tJ","1",1,0,TRUE
"UGA","L01","VHVUj6zT8c6","1",1,0,FALSE
"UGA","L01","vsXLkjJ58x2","1",1,0,FALSE
"UGA","L01","VyrUWsmH5zA","1",0.333333333333333,0.333333333333333,FALSE
"UGA","L01","wEEPeGoe7x7","1",0.666666666666667,0.333333333333333,FALSE
"UGA","L01","xVFJcnicr68","1",1,0,FALSE
"UGA","L01","YTTV9E8N5B7","1",1,0,TRUE
"UGA","L02","1Mcd53U8Qb4","1",1,0,TRUE
"UGA","L02","1YCu7s1wQ37","1",1,0,FALSE
"UGA","L02","2TsiWCE9wU3","1",1,0,FALSE
"UGA","L02","3csKwZMd8vA","1",1,0,FALSE
"UGA","L02","4GxE5frHnQ4","1",1,0,FALSE
"UGA","L02","5xza3zKCC65","1",1,0,TRUE
"UGA","L02","8jLMpgU7qmA","1",0,0,FALSE
"UGA","L02","9P8HkL34az2","1",1,0,FALSE
"UGA","L02","B77fdVMrcbB","1",1,0,FALSE
"UGA","L02","bUbW5XZNtd3","1",1,0,FALSE
"UGA","L02","c8oh3AnL1P","1",0,0,TRUE
"UGA","L02","D3k4R1hEUdA","1",1,0,TRUE
"UGA","L02","ea6XKQhZyd3","1",0,0,FALSE
"UGA","L02","fYfZbzp5Nv8","1",1,0,TRUE
"UGA","L02","GuUwLgiijo2","1",1,0,TRUE
"UGA","L02","GwMi53segV4","1",0,0,TRUE
"UGA","L02","hiJdT15von9","1",0,0,FALSE
"UGA","L02","HWUQqfGSi37","1",0,0,TRUE
"UGA","L02","p7HQJGp7P14","1",0,0,TRUE
"UGA","L02","Q12jo3rceY8","1",0,0,FALSE
"UGA","L02","QJMME7KeMn","1",0.333333333333333,0,TRUE
"UGA","L02","QT4VeJxXHv4","1",1,0,TRUE
"UGA","L02","SDoi2yLPd6","1",0,0,FALSE
"UGA","L02","uZWP16YfzT5","1",0,0,FALSE
"UGA","L02","V5nBNdt5Wo9","1",0,0,TRUE
"UGA","L02","w27bEeu1DR","1",1,0,TRUE
"UGA","L02","WMFdhZg7RN5","1",0,0,FALSE
"UGA","L02","ypMu1Vkfqo9","1",1,0,TRUE
"UGA","L02","Yz9QZdfbFV","1",0,0,FALSE
"UGA","L02","ZbpM6thc1b2","1",0,0,FALSE
"UGA","L03","1DKzT4xkSq9","1",0,0,FALSE
"UGA","L03","3BWtidtw1gB","1",1,0,FALSE
"UGA","L03","3eWkuw2PPtA","1",0,0,FALSE
"UGA","L03","3f7GFEXbaK","1",1,0,FALSE
"UGA","L03","43ozar7mLV6","1",0,0,FALSE
"UGA","L03","4mjZfGs3Aw","1",0,0.2,TRUE
"UGA","L03","5BM4RJvhSqA","1",0,0,TRUE
"UGA","L03","8WWivGcFUz5","1",1,0,FALSE
"UGA","L03","BiwTi7hdY7","1",1,0,FALSE
"UGA","L03","CLcgNTsm4y7","1",0.5,0,FALSE
"UGA","L03","fvoTDbKYuW5","1",0,0.75,FALSE
"UGA","L03","h5hVCQ5GHc2","1",0.333333333333333,0,FALSE
"UGA","L03","HLCLDYcEQF2","1",0,0,FALSE
"UGA","L03","K28KewnXpk2","1",0,0.5,FALSE
"UGA","L03","k6Z9D2Z16q9","1",0,0,FALSE
"UGA","L03","L3z2GfyVdH5","1",0.625,0,FALSE
"UGA","L03","LAqtBPvPxy","1",0,0,TRUE
"UGA","L03","LXeBkVStet6","1",0.75,0,FALSE
"UGA","L03","nG6geyTvwq7","1",1,0,FALSE
"UGA","L03","oimuabaAoj4","1",0.8,0,TRUE
"UGA","L03","pfmDHWctSE3","1",0,0,FALSE
"UGA","L03","r4YWWf5e5x3","1",1,0,FALSE
"UGA","L03","r8r378XZhzA","1",1,0,FALSE
"UGA","L03","rMuY6Uj3iMy","1",0.333333333333333,0.333333333333333,FALSE
"UGA","L03","RnembMKrW72","1",0,0,FALSE
"UGA","L03","rrTcscTcWH","1",0.5,0,TRUE
"UGA","L03","s1YRqRa7dg5","1",0.2,0,TRUE
"UGA","L03","ve5Vid3J3j2","1",1,0,FALSE
"UGA","L03","vPv6VoT5Hx6","1",0,1,TRUE
"UGA","L03","VQjx1ubsk84","1",1,0,FALSE
"UGA","L04","4MTsyUHiaX4","1",1,0,TRUE
"UGA","L04","4wawPvHomv","1",0.333333333333333,0,TRUE
"UGA","L04","52MH5CafZg9","1",0.333333333333333,0,TRUE
"UGA","L04","6knFhJg33R9","1",0,0,FALSE
"UGA","L04","9iKLxLjVu77","1",0,0,TRUE
"UGA","L04","akR9WC1ESX","1",1,0,TRUE
"UGA","L04","CW2n61MumoA","1",1,0,FALSE
"UGA","L04","Dw3Ud994KTB","1",0.5,0,FALSE
"UGA","L04","GEpVmB1chZ","1",0,0,FALSE
"UGA","L04","GPDYh6MvUT3","1",0,1,TRUE
"UGA","L04","hnZo2CxSp92","1",1,0,TRUE
"UGA","L04","iLvTEBAQTN6","1",1,0,TRUE
"UGA","L04","Kq42xQGSvu4","1",1,0,TRUE
"UGA","L04","LEzTDqKV6f3","1",1,0,TRUE
"UGA","L04","mBXHuSst1y6","1",0,0,TRUE
"UGA","L04","Mc7EjdDK3M3","1",1,0,TRUE
"UGA","L04","n4TwADF35","1",0.8,0,TRUE
"UGA","L04","TdHhH26Qsi9","1",0,0.666666666666667,TRUE
"UGA","L04","UBoKCmEGFXB","1",0.6,0,TRUE
"UGA","L04","UKqsMYWu6S2","1",0,0,TRUE
"UGA","L04","UYwovny68h","1",0,1,TRUE
"UGA","L04","v29v4CgCb9A","1",0,0,TRUE
"UGA","L04","vkQ3CHAz8S2","1",0,0,FALSE
"UGA","L04","vwWMrLhFgq5","1",1,0,TRUE
"UGA","L04","WmaX2iuVse5","1",0.25,0.25,FALSE
"UGA","L04","xJ36NSni7X2","1",0.4,0,TRUE
"UGA","L04","z9PS7Qjy5L2","1",1,0,FALSE
"UGA","L04","zCz7aSrczL2","1",0.25,0.5,FALSE
"UGA","L04","ZVVKrqxAx48","1",0,0,TRUE
"UGA","L06","2Zy882qHx74","1",0,0,FALSE
"UGA","L06","43RqATksCs8","1",0,0,FALSE
"UGA","L06","4Ltk7eBsFy2","1",0,0,FALSE
"UGA","L06","5a2WfRTPWS2","1",0.75,0.25,FALSE
"UGA","L06","6vZXvHtQdG2","1",1,0,FALSE
"UGA","L06","dmUnjxva8t4","1",0,0,FALSE
"UGA","L06","f52oa28ri63","1",0.333333333333333,0,FALSE
"UGA","L06","FnGwGBNbLj6","1",1,0,FALSE
"UGA","L06","fUwjdZnv1x2","1",1,0,FALSE
"UGA","L06","Gr3yWAqnod7","1",0,0,FALSE
"UGA","L06","h2NJwtqVTd2","1",0.2,0,FALSE
"UGA","L06","hFv6mHJEwd5","1",0,0,FALSE
"UGA","L06","i5k7QWkLJw8","1",0,0,FALSE
"UGA","L06","JiVbXhqxqD2","1",0.333333333333333,0,FALSE
"UGA","L06","Jm8YLfzpoy5","1",1,0,FALSE
"UGA","L06","jspz3eC2TW3","1",1,0,FALSE
"UGA","L06","kAKQZBMLkGA","1",1,0,FALSE
"UGA","L06","kJPFgVkrzr8","1",1,0,FALSE
"UGA","L06","L8vM1Pqk5B6","1",1,0,FALSE
"UGA","L06","mpqcPSFDpCB","1",0.333333333333333,0,FALSE
"UGA","L06","pMDUa1EHvb","1",1,0,FALSE
"UGA","L06","QybMet9zZh8","1",0.833333333333333,0.166666666666667,FALSE
"UGA","L06","wJPLc9G7D59","1",1,0,TRUE
"UGA","L06","WKmRQnKoHA8","1",1,0,FALSE
"UGA","L06","Xab6HD3Zh47","1",1,0,FALSE
"UGA","L06","XBSg6BUGH3","1",1,0,FALSE
"UGA","L06","YXV6xbSxws2","1",1,0,FALSE
"UGA","L06","ZpzNhUcn8E4","1",0,0.666666666666667,TRUE
"UGA","L06","Zsq7RscRsJA","1",0,1,FALSE
"UGA","L06","ZU7tm63WQNB","1",0.333333333333333,0,FALSE
"UGA","L07","25LYWDpsci5","1",0,0,FALSE
"UGA","L07","6L8XQ2ivNNB","1",0,0.25,FALSE
"UGA","L07","7yhK3asbcg8","1",0,0.4,FALSE
"UGA","L07","9D4NrgAzDH4","1",0.5,0.5,FALSE
"UGA","L07","cTxbn5tVsdA","1",0,1,FALSE
"UGA","L07","E9xodbJqWb8","1",1,0,FALSE
"UGA","L07","EQM92niTjw","1",0,1,FALSE
"UGA","L07","eZcn1r4ZHQA","1",0,1,FALSE
"UGA","L07","FiycRUoeZh","1",0,0,FALSE
"UGA","L07","ggHPuVorAC2","1",0,1,FALSE
"UGA","L07","J4NQk5mWMXA","1",0,1,FALSE
"UGA","L07","jsuqiyHhZp3","1",0,0,FALSE
"UGA","L07","k8Wj9vHnf53","1",1,0,FALSE
"UGA","L07","kAym5mCCtcB","1",0,0.6,FALSE
"UGA","L07","mjcdtjVVCA6","1",0,0,FALSE
"UGA","L07","N9o6jRf3hy3","1",0,1,FALSE
"UGA","L07","nf2b6XaXDy3","1",0,0.666666666666667,FALSE
"UGA","L07","PxqUsT3Kg39","1",1,0,FALSE
"UGA","L07","qGGstvM2E46","1",0,0,TRUE
"UGA","L07","QP58gEJbLF8","1",0,0,FALSE
"UGA","L07","RscSHibFMZ","1",0.5,0.5,FALSE
"UGA","L07","tsxUHiQSdd5","1",0,0,FALSE
"UGA","L07","udreQXLRb29","1",0.5,0,FALSE
"UGA","L07","uMco3gkx1Z8","1",0,0,FALSE
"UGA","L07","uNqoVbaZpG3","1",0.25,0.5,FALSE
"UGA","L07","Uvc1cgf5XM9","1",0,0,FALSE
"UGA","L07","x16vgM9iGq3","1",1,0,FALSE
"UGA","L07","x3KJboY4Wn4","1",0,0.666666666666667,FALSE
"UGA","L07","xwVxszyCYQ","1",0,0.75,FALSE
"UGA","L07","zVWFb5eAbV7","1",0,0,FALSE
